{
  "group": "tzr",
  "type": "minecraft:crafting_shaped",
  "pattern": [
    "012",
    "345"
  ],
  "key": {
    "0": {
      "item": "minecraft:iron_ingot"
    },
    "1": {
      "item": "minecraft:chest"
    },
    "2": {
      "item": "minecraft:iron_ingot"
    },
    "3": {
      "item": "minecraft:iron_ingot"
    },
    "4": {
      "item": "minecraft:iron_ingot"
    },
    "5": {
      "item": "minecraft:iron_ingot"
    }
  },
  "result": {
    "item": "minecraft:chest_minecart",
    "count": 1
  }
}