{
  "group": "tzr",
  "type": "minecraft:crafting_shaped",
  "pattern": [
    "012",
    "345",
    "678"
  ],
  "key": {
    "0": {
      "item": "minecraft:phantom_membrane"
    },
    "1": {
      "item": "minecraft:shulker_shell"
    },
    "2": {
      "item": "minecraft:phantom_membrane"
    },
    "3": {
      "item": "minecraft:phantom_membrane"
    },
    "4": {
      "item": "minecraft:popped_chorus_fruit"
    },
    "5": {
      "item": "minecraft:phantom_membrane"
    },
    "6": {
      "item": "minecraft:feather"
    },
    "7": {
      "item": "minecraft:shulker_shell"
    },
    "8": {
      "item": "minecraft:feather"
    }
  },
  "result": {
    "item": "minecraft:elytra",
    "count": 1
  }
}